{
  "RSS": {
    "min": 71.57421875,
    "avg": 1558.3202868197588,
    "max": 6629.4296875
  },
  "Heap": {
    "min": 44,
    "avg": 1531.0226442658875,
    "max": 6602
  },
  "CentiCpuMax": 77918,
  "CentiMutMax": 68740,
  "CentiGC": 9176,
  "CentiBlkIO": 0,
  "flags": "+RTS -RTS",
  "chain": {
    "startSlot": 38037613,
    "stopFile": 1800
  },
  "totaltime": 1380,
  "failed": true,
  "memSize": 15125
}
